id_cliente,nome_cliente,% 4xx,Último Acionamento,Score,Penúltimo Mês,Mês Anterior,Mês Corrente
18,LINHA_NITIDO,"0,01%",2026-04-07 00:00:00,0.0,21462.0,23167,1194
26,BASE_LARGO,"0,06%",2026-04-08 00:00:00,57.93245753449014,73805.0,31072,21106
27,PICO_FLUIDO,"0,00%",2026-04-08 00:00:00,53.11016938773837,302341.0,180268,126546
29,LINK_DOURADO,"0,07%",2026-04-07 00:00:00,0.0,37494.0,32132,32389
32,DELTA_FINO,"0,12%",2026-04-06 00:00:00,56.035178095114,2514.0,1930,28
34,EDGE_NOVO,"0,07%",2026-04-08 00:00:00,0.0,2705.0,3078,4454
35,LINK_PASSIVO,"0,00%",2026-04-08 00:00:00,0.0,332.0,6251,3067
37,VECTOR_DINAMICO,"0,00%",2026-04-08 00:00:00,0.0,8009.0,8372,7775
39,TOPO_MOVEL,"0,10%",2026-03-31 00:00:00,100.0,43287.0,10783,0
47,ROCHA_LUNAR,"0,07%",2026-04-08 00:00:00,21.328548497787,1321.0,1315,780
48,LINK_NEUTRO,"1,27%",2026-04-08 00:00:00,0.0,841.0,1164,872
56,NODEX_VERDE,"0,07%",2026-04-08 00:00:00,83.35304022918282,101175.0,55106,79
59,FLUXO_SERENO,"0,07%",2026-04-08 00:00:00,25.30264397193916,69826.0,63601,47942
69,ORIGEM_PURO,"0,19%",2026-04-08 00:00:00,24.91783595208925,7349.0,6056,4507
73,PLANO_NITIDO,"0,06%",2026-04-08 00:00:00,18.42372775721449,7938.0,7935,5688
76,LUZ_UNICO,"99,71%",2026-04-08 00:00:00,0.0,16502.0,16699,16919
91,NIMBUS_INFERIOR,"0,00%",2026-03-31 00:00:00,100.0,244.0,10110,0
95,ZONE_ABERTO,"0,00%",2026-03-31 00:00:00,100.0,135.0,5362,0
107,SINAL_CONCRETO,"0,01%",2026-04-01 00:00:00,56.21098349330727,2824.0,2192,64
113,NEXO_FLUIDO,"0,00%",2026-04-08 00:00:00,0.0,3497.0,3737,3915
115,ORBITA_ESTREITO,"0,00%",2026-03-30 00:00:00,100.0,7368.0,6910,0
119,ORBITA_BAIXO,"44,59%",2026-04-08 00:00:00,0.0,17577.0,22768,9509
121,PRISMA_FINO,"0,05%",2026-04-06 00:00:00,94.28832170711456,454870.0,420253,47
126,STREAM_GAMA,"19,86%",2026-04-08 00:00:00,0.0,2861.0,2595,3022
131,OESTE_MODERNO,"0,00%",2026-04-08 00:00:00,0.0,3078.0,3290,3029
132,ANEL_INTENSO,"0,04%",2026-04-08 00:00:00,0.0,1558.0,2958,2144
140,VERTICE_SOLAR,"0,00%",2026-04-08 00:00:00,0.0,3844.0,3808,4020
141,CORE_SOLAR,"0,04%",2026-04-06 00:00:00,0.0,29600.0,34850,9
142,WAVE_ANALOGICO,"0,01%",2026-04-08 00:00:00,0.0,782.0,1307,554
144,BLOCO_CLARO,"1,97%",2026-04-08 00:00:00,15.030511518532858,1523.0,1517,1092
157,MATRIX_ANALOGICO,"0,88%",2026-04-08 00:00:00,0.0,1816.0,1822,2097
167,NODO_DINAMICO,"79,68%",2026-04-08 00:00:00,0.0,2665.0,2276,3169
169,TRILHA_FECHADO,"0,02%",2026-04-08 00:00:00,0.0,1568.0,1576,544
171,NODEX_SIMPLES,"0,00%",2026-04-08 00:00:00,0.0,1844.0,48033,62084
177,RAIZ_LINEAR,"99,76%",2026-04-08 00:00:00,0.0,2191.0,2227,2221
178,TRAMA_REMOTO,"0,00%",2026-04-08 00:00:00,0.0,1723.0,1687,1694
182,BLOCO_NOVO,"0,00%",2026-04-08 00:00:00,0.0,1395.0,1961,1481
185,TRAMA_INTENSO,"12,48%",2026-04-08 00:00:00,0.0,27430.0,4581,5102
201,FAIXA_MULTIPLO,"0,10%",2026-03-27 00:00:00,100.0,4472.0,3979,0
202,PRISMA_ALFA,"0,00%",2026-03-27 00:00:00,100.0,11680.0,11621,0
203,CAMADA_SERENO,"0,12%",2026-03-31 00:00:00,100.0,2062.0,2155,0
206,AXIS_EXTERNO,"0,00%",2026-03-31 00:00:00,100.0,1187.0,1280,0
209,FAIXA_AZUL,"4,77%",2026-04-08 00:00:00,0.0,13525.0,15625,15113
218,CHAMA_CONTINUO,"0,01%",2026-03-09 00:00:00,100.0,8696.0,2411,0
225,PICO_CLARO,"0,00%",2026-03-27 00:00:00,100.0,15295.0,12715,0
242,ANEL_SIMPLES,"0,00%",2026-04-08 00:00:00,0.0,112413.0,121755,124552
245,SEMENTE_VIVO,"0,01%",2026-04-08 00:00:00,0.0,1213.0,1224,1329
247,COSMOS_SUPERIOR,"99,72%",2026-04-08 00:00:00,0.0,16982.0,17230,17256
255,OESTE_SUTIL,"4,15%",2026-03-24 00:00:00,100.0,28041.0,24317,0
257,HORIZONTE_GLOBAL,"0,46%",2026-04-08 00:00:00,16.994393863848636,6126.0,5688,4477
266,ZONE_REMOTO,"0,11%",2026-04-08 00:00:00,0.0,42644.0,42415,43049
270,PULSO_INFERIOR,"99,78%",2026-04-08 00:00:00,0.0,1413.0,1439,1438
272,LUZ_LUNAR,"97,00%",2026-04-08 00:00:00,0.0,8888.0,8943,8974
275,ANEL_NOVO,"0,02%",2026-04-08 00:00:00,10.147939931792004,768067.0,717342,688607
280,ORIGEM_FLUIDO,"3,25%",2026-03-31 00:00:00,100.0,494.0,1109,0
282,NODEX_SOLAR,"0,07%",2026-03-31 00:00:00,100.0,1794.0,2746,0
285,GRID_VIVO,"47,05%",2026-04-08 00:00:00,0.0,4293.0,4511,4711
295,POINT_NOVO,"0,08%",2026-04-08 00:00:00,0.0,73986.0,106481,32442
297,NODEX_DISCRETO,"0,00%",2026-03-31 00:00:00,100.0,1084.0,17812,0
299,ARCO_LARGO,"0,06%",2026-04-08 00:00:00,0.0,1184.0,1610,1353
300,LINHA_LATERAL,"0,07%",2026-04-08 00:00:00,0.0,7313.0,9008,6284
301,REDE_CONTINUO,"0,05%",2026-03-30 00:00:00,100.0,15620.0,14889,0
305,LINK_LUNAR,"0,00%",2026-03-31 00:00:00,100.0,1100.0,1117,0
306,ESTRELA_ESTAVEL,"2,66%",2026-03-31 00:00:00,100.0,2373.0,1372,0
309,BASE_PAR,"0,00%",2026-04-08 00:00:00,0.0,2471.0,2607,2640
319,FIELD_FOSCO,"0,00%",2026-04-08 00:00:00,0.0,983.0,1032,1179
321,EIXO_MULTIPLO,"3,55%",2026-03-31 00:00:00,100.0,1477.0,2875,0
327,NODEX_MORTO,"11,10%",2026-03-30 00:00:00,100.0,2542.0,1986,0
328,SINAL_REMOTO,"0,45%",2026-04-08 00:00:00,0.0,3146.0,4301,4338
329,PONTE_AZUL,"0,11%",2026-04-08 00:00:00,0.0,1091.0,2173,1346
333,PONTE_VASTO,"1,51%",2026-04-08 00:00:00,0.0,4650.0,5358,3697
341,GELO_INTERNO,"0,00%",2026-04-08 00:00:00,0.0,11083.0,13403,11672
358,RIO_DINAMICO,"84,73%",2026-04-08 00:00:00,0.0,2844.0,2921,2873
360,AURORA_ANALOGICO,"83,79%",2026-04-08 00:00:00,0.0,6855.0,6962,5136
364,LESTE_INTERNO,"17,63%",2026-04-08 00:00:00,42.10483101531757,32459.0,20368,14282
367,BRISA_INTENSO,"68,94%",2026-04-08 00:00:00,0.0,7011.0,7098,7048
369,ESFERA_MULTIPLO,"0,30%",2026-03-31 00:00:00,100.0,3661.0,4413,0
373,CUME_PASSIVO,"0,00%",2026-04-08 00:00:00,0.0,5287.0,2122,3210
375,CORE_CONTINUO,"2,46%",2026-04-08 00:00:00,0.0,517979.0,558198,535647
429,CUME_PRATA,"0,04%",2026-04-08 00:00:00,0.0,2258.0,2925,2852
435,VERTICE_LINEAR,"87,99%",2026-04-08 00:00:00,0.0,211835.0,197057,218420
455,CHAMA_VIVO,"0,00%",2026-04-08 00:00:00,0.0,5499.0,96944,129893
465,STREAM_BRILHANTE,"0,02%",2026-03-16 00:00:00,100.0,4507.0,2101,0
468,VECTOR_MODERNO,"31,14%",2026-04-08 00:00:00,0.0,831.0,1228,938
469,TRAMA_ABERTO,"0,02%",2026-04-08 00:00:00,1.871250791642284,1591.0,1586,1535
473,MATRIX_FORTE,"99,25%",2026-04-08 00:00:00,12.437693894649104,47998.0,47906,40346
482,ORBITA_NOVO,"87,58%",2026-03-31 00:00:00,100.0,8554.0,8394,0
492,EIXO_PAR,"99,71%",2026-04-08 00:00:00,0.0,17021.0,17236,17268
495,ROCHA_CALMO,"26,77%",2026-04-08 00:00:00,0.0,6428.0,6520,6527
513,TOPO_CONCRETO,"99,75%",2026-04-08 00:00:00,0.0,2837.0,2825,2873
515,PORTAL_GLOBAL,"1,05%",2026-04-08 00:00:00,0.0,1504.0,2010,2079
520,NORTE_AMPL0,"68,04%",2026-04-08 00:00:00,0.0,869.0,1411,1514
528,HORIZONTE_DOURADO,"99,71%",2026-04-08 00:00:00,0.0,16995.0,17231,17263
529,ORIGEM_CLARO,"4,54%",2026-03-30 00:00:00,100.0,2644.0,2373,0
532,FRAME_DENSO,"99,58%",2026-03-31 00:00:00,100.0,8574.0,8561,0
535,FRAME_VIVO,"0,00%",2026-04-08 00:00:00,4.539359624122012,3266.0,3222,3013
538,NEXO_CURVO,"99,71%",2026-04-08 00:00:00,0.0,17002.0,17232,17262
547,PONTE_NEUTRO,"99,72%",2026-04-08 00:00:00,0.0,16903.0,17137,17225
549,SYSTEM_DISCRETO,"0,10%",2026-04-08 00:00:00,0.0,2065.0,1655,2411
551,RAIZ_COMPLEXO,"0,00%",2026-04-08 00:00:00,0.0,5024.0,5298,5098
552,ESTRELA_ROBUSTO,"99,71%",2026-04-08 00:00:00,0.0,16906.0,17138,17230
557,NORTE_BRILHANTE,"17,71%",2026-04-08 00:00:00,0.0,4850.0,2990,3571
564,ESFERA_UMIDO,"0,01%",2026-04-08 00:00:00,0.0,4997.0,7677,9405
568,DELTA_UNICO,"99,50%",2026-03-19 00:00:00,100.0,4193.0,1561,0
582,ATLAS_ANTIGO,"0,05%",2026-04-08 00:00:00,0.0,2533.0,3174,297
589,PLANO_VASTO,"0,27%",2026-04-08 00:00:00,0.0,1925.0,2396,492
607,ORBITA_VIVO,"0,00%",2026-04-08 00:00:00,0.0,1614.0,1711,1639
615,PEDRA_PAR,"99,70%",2026-04-08 00:00:00,0.0,16754.0,16972,17161
626,PATH_SIMPLES,"93,32%",2026-04-08 00:00:00,0.0,2830.0,2825,2877
628,BLOCO_LATERAL,"5,20%",2026-04-08 00:00:00,7.015799792009133,1203.0,1170,1038
635,FRAME_MULTIPLO,"99,71%",2026-04-08 00:00:00,0.0,16895.0,17136,17221
650,EDGE_LEVE,"90,51%",2026-03-30 00:00:00,100.0,2803.0,2419,0
655,ESFERA_RAPIDO,"99,71%",2026-04-08 00:00:00,0.0,16918.0,17140,17230
664,ILHA_DENSO,"99,71%",2026-04-08 00:00:00,0.0,16607.0,16831,17057
665,ARCO_GLOBAL,"99,70%",2026-04-08 00:00:00,0.0,17027.0,17239,17266
667,AREIA_DENSO,"99,70%",2026-04-08 00:00:00,0.0,6740.0,6804,6843
670,EIXO_RAPIDO,"0,20%",2026-04-08 00:00:00,0.0,1998.0,1679,1874
679,FAIXA_SECO,"0,46%",2026-03-31 00:00:00,100.0,915.0,1056,0
686,MATRIX_INTENSO,"99,71%",2026-04-08 00:00:00,0.0,16812.0,17059,17191
688,NORTE_ALFA,"99,71%",2026-04-08 00:00:00,0.0,16736.0,16974,17156
692,HORIZONTE_EXATO,"0,21%",2026-04-08 00:00:00,76.1183603073539,184126.0,63647,24410
695,AURORA_DISCRETO,"64,62%",2026-04-08 00:00:00,0.0,9204.0,9666,9769
696,CAMINHO_SIMPLES,"99,71%",2026-04-08 00:00:00,0.0,16663.0,16902,17113
706,ORBITA_SUPERIOR,"0,00%",2026-03-30 00:00:00,100.0,189.0,3480,0
709,PORTAL_CURVO,"12,92%",2026-03-31 00:00:00,100.0,17213.0,18773,0
710,SEMENTE_IMPAR,"99,70%",2026-04-08 00:00:00,0.0,16754.0,16973,17161
722,FLUXO_ABSTRATO,"99,71%",2026-04-08 00:00:00,0.0,16593.0,16831,17050
740,RAIZ_RARE,"0,00%",2026-04-08 00:00:00,14.270499901787058,1945.0,1671,1438
744,FRAME_PURO,"99,71%",2026-04-08 00:00:00,0.0,1420.0,1434,1427
747,FIELD_DIGITAL,"0,01%",2026-03-31 00:00:00,100.0,1156.0,1147,0
752,LESTE_BRILHANTE,"0,07%",2026-04-08 00:00:00,0.0,31570.0,35076,32061
757,LINK_INTENSO,"0,01%",2026-03-10 00:00:00,100.0,10081.0,3824,0
760,DELTA2_ROBUSTO,"0,06%",2026-04-08 00:00:00,0.0,28461.0,22349,22913
762,LUZ_PURO,"0,04%",2026-03-31 00:00:00,100.0,203581.0,203619,0
767,ORIGEM_COMPLEXO,"0,02%",2026-04-06 00:00:00,49.29088335333381,1860.0,1779,178
769,VENTO_SECO,"0,04%",2026-04-08 00:00:00,0.0,20281.0,29978,33256
770,MAR_EXTERNO,"0,02%",2026-04-08 00:00:00,0.0,2684.0,2005,2639
777,CHAMA_INTERNO,"0,19%",2026-04-08 00:00:00,34.59901360816362,2026.0,1661,754
778,PONTE_LOCAL,"0,01%",2026-03-31 00:00:00,100.0,4512.0,3270,0
784,MAR_MORTO,"0,04%",2026-04-08 00:00:00,0.0,4021.0,5639,3197
786,ANEL_PRATA,"0,00%",2026-04-08 00:00:00,0.0,743.0,7979,18269
787,NODEX_MOVEL,"0,00%",2026-04-08 00:00:00,0.0,1368.0,1511,1466
793,CORE_DISCRETO,"0,00%",2026-03-31 00:00:00,100.0,298.0,3391,0
796,FAIXA_COMPLEXO,"3,33%",2026-03-30 00:00:00,100.0,890.0,1332,0
800,WAVE_PUJANTE,"0,01%",2026-04-08 00:00:00,0.0,1142.0,1186,1156
801,ESFERA_QUENTE,"11,52%",2026-04-08 00:00:00,55.43716110868512,7839.0,1144,1144
806,EDGE_ABERTO,"0,07%",2026-04-06 00:00:00,0.0,6438.0,9616,5
808,BLOCO_IMPAR,"39,78%",2026-03-30 00:00:00,100.0,2818.0,2446,0
817,GELO_REMOTO,"0,00%",2026-04-08 00:00:00,0.0,380.0,5097,3382
824,DELTA_DISCRETO,"0,01%",2026-04-08 00:00:00,0.0,1595.0,1798,2319
828,LUZ_PRECISO,"99,51%",2026-04-08 00:00:00,0.0,5440.0,8801,8847
833,NEBULA_FRIO,"0,00%",2026-03-31 00:00:00,100.0,7456.0,63690,0
834,ESFERA_FLUIDO,"0,00%",2026-04-08 00:00:00,0.0,1875.0,2108,1883
839,BASE_SUPERIOR,"82,02%",2026-03-31 00:00:00,100.0,8765.0,8730,0
840,NEBULA_GAMA,"13,59%",2026-04-08 00:00:00,0.0,3164.0,4700,4928
841,TORRE_VASTO,"22,72%",2026-04-08 00:00:00,0.0,6206.0,6295,6354
847,VECTOR_SECO,"99,36%",2026-04-08 00:00:00,0.0,8418.0,8331,8518
850,TOPO_COMPLEXO,"0,02%",2026-04-08 00:00:00,0.0,1931.0,2083,2182
851,SYSTEM_ABSTRATO,"74,46%",2026-04-08 00:00:00,0.0,18332.0,16888,16942
860,NEBULA_CURVO,"50,76%",2026-03-31 00:00:00,100.0,3819.0,4170,0
862,PATH_VIVO,"2,01%",2026-03-27 00:00:00,100.0,2415.0,6640,0
864,PULSO_CONTINUO,"0,07%",2026-03-11 00:00:00,100.0,8450.0,2746,0
866,PORTAL_SIMPLES,"0,01%",2026-04-08 00:00:00,0.0,9237.0,9865,9
868,EDGE_CENTRAL,"0,00%",2026-04-08 00:00:00,0.0,961.0,1012,1157
869,FIBRA_RARE,"0,00%",2026-04-08 00:00:00,0.0,3547.0,3848,3809
871,ZONE_RAPIDO,"98,85%",2026-04-08 00:00:00,0.0,2878.0,6811,2877
879,CHAMA_ANTIGO,"31,56%",2026-03-31 00:00:00,100.0,7578.0,7375,0
888,TRILHA_CENTRAL,"0,04%",2026-04-08 00:00:00,0.0,4651.0,5537,2691
890,AXIS_PRECISO,"90,14%",2026-04-08 00:00:00,0.0,7543.0,7664,7739
897,ESTRELA_LEVE,"5,34%",2026-04-08 00:00:00,0.0,20633.0,23280,18651
911,ZONE_CONTINUO,"0,21%",2026-04-08 00:00:00,0.0,3975.0,4668,371
912,SUL_EXTERNO,"0,25%",2026-04-08 00:00:00,0.0,2880.0,3986,371
918,LINHA_SECO,"0,12%",2026-04-08 00:00:00,0.0,8301.0,8760,371
920,FIBRA_IMPAR,"99,71%",2026-04-08 00:00:00,0.0,16886.0,17137,17217
922,NIMBUS_CENTRAL,"0,00%",2026-03-10 00:00:00,100.0,,1617,0
930,CORE_EXATO,"99,71%",2026-04-08 00:00:00,0.0,33986.0,34460,34517
971,NODEX_GLOBAL,"0,03%",2026-04-08 00:00:00,0.0,2507.0,2733,2233
980,ROCHA_INTENSO,"0,00%",2026-04-08 00:00:00,0.0,2293.0,24084,19491
987,NEBULA_ROBUSTO,"44,08%",2026-03-31 00:00:00,100.0,10291.0,10166,0
1016,EDGE_ESTAVEL,"0,00%",2026-03-31 00:00:00,100.0,6993.0,7059,0
1031,RIO_LOCAL,"34,08%",2026-03-30 00:00:00,100.0,3064.0,2903,0
1034,ORIGEM_ALFA,"0,05%",2026-03-31 00:00:00,100.0,3259.0,2772,0
1058,PEDRA_ABERTO,"0,00%",2026-04-08 00:00:00,0.0,195.0,2532,1971
1059,HORIZONTE_FOSCO,"0,00%",2026-04-08 00:00:00,0.0,1669.0,1691,1321
1064,REDE_INFERIOR,"0,06%",2026-04-08 00:00:00,0.0,937.0,1040,749
1083,SINAL_LOCAL,"76,70%",2026-04-08 00:00:00,0.0,8681.0,8755,8788
1087,ANEL_PUJANTE,"0,01%",2026-03-30 00:00:00,100.0,1279.0,1482,0
1089,NEXO_LUNAR,"0,10%",2026-04-08 00:00:00,68.14997639023706,31879.0,3042,2934
1091,DELTA_CURVO,"56,27%",2026-04-08 00:00:00,0.0,17592.0,34726,288
1093,SUL_SECO,"0,00%",2026-04-08 00:00:00,0.0,238.0,1054,1543
1096,ZONE_NITIDO,"0,07%",2026-04-08 00:00:00,0.0,2161.0,2753,226
1099,EDGE_SIMPLES,"0,00%",2026-04-08 00:00:00,0.0,1889.0,2000,1949
1100,COSMOS_FRIO,"33,25%",2026-04-08 00:00:00,0.1947029595696069,1294.0,1291,1289
1110,STREAM_VASTO,"1,21%",2026-04-08 00:00:00,0.0,1527.0,1529,1067
1118,VECTOR_EXTERNO,"97,09%",2026-04-08 00:00:00,0.0,2726.0,2857,2841
1124,PATH_CURVO,"0,07%",2026-04-01 00:00:00,0.0,45280.0,54394,0
1127,WAVE_VERDE,"0,00%",2026-04-08 00:00:00,0.0,1311.0,1407,1092
1128,TOPO_ALTO,"99,53%",2026-04-08 00:00:00,23.388220689135903,2855.0,2140,1695
1131,LINK_NITIDO,"31,02%",2026-04-08 00:00:00,0.0,11313.0,11609,10860
1137,PULSO_PASSIVO,"99,70%",2026-04-08 00:00:00,0.0,16891.0,17136,17213
1149,FLUXO_PUJANTE,"0,96%",2026-03-31 00:00:00,100.0,9400.0,10337,0
1157,TRILHA_PUJANTE,"0,05%",2026-04-08 00:00:00,0.0,1325.0,1438,1438
1159,BLOCO_LUNAR,"99,70%",2026-04-08 00:00:00,0.0,16923.0,17141,17230
1175,PONTE_ATIVO,"29,89%",2026-04-08 00:00:00,0.0,1735.0,2075,1909
1178,CAMADA_BETA,"35,55%",2026-04-08 00:00:00,0.0,467.0,3914,2494
1181,SYSTEM_NEUTRO,"0,00%",2026-04-08 00:00:00,0.0,1351.0,1989,1627
1189,POINT_AMPL0,"13,53%",2026-04-08 00:00:00,21.002646515061198,1995.0,1344,1233
1191,NODO_LOCAL,"0,00%",2026-03-30 00:00:00,100.0,124.0,1839,0
1192,PONTE_ABERTO,"0,03%",2026-03-24 00:00:00,100.0,66399.0,54716,0
1193,ESFERA_ANALOGICO,"72,54%",2026-04-08 00:00:00,0.0,1135.0,1155,1146
1194,GELO_RARE,"2,50%",2026-04-08 00:00:00,0.0,485.0,1347,2812
1196,NEBULA_SIMPLES,"0,07%",2026-03-28 00:00:00,100.0,1530.0,1175,0
1208,FAIXA_SUAVE,"0,01%",2026-04-08 00:00:00,64.58885285504721,10266.0,10012,348
1214,SINAL_AZUL,"99,09%",2026-04-08 00:00:00,0.0,2044.0,2075,2078
1218,NEBULA_CONCRETO,"4,82%",2026-03-30 00:00:00,100.0,1004.0,1515,0
1219,BASE_SERENO,"64,36%",2026-04-08 00:00:00,0.0,3944.0,3996,3996
1222,CORE_DENSO,"0,09%",2026-04-08 00:00:00,39.9645381704074,21388.0,13560,9544
1223,ANEL_LATERAL,"73,87%",2026-03-31 00:00:00,100.0,8838.0,8660,0
1230,VENTO_BRILHANTE,"0,08%",2026-04-08 00:00:00,0.0,4028.0,4406,2246
1231,TRILHA_DENSO,"99,70%",2026-04-08 00:00:00,0.0,16679.0,16900,17119
1232,FIELD_SUPERIOR,"24,22%",2026-03-31 00:00:00,100.0,3434.0,3128,0
1238,NEBULA_LOCAL,"99,70%",2026-04-08 00:00:00,0.0,17027.0,17240,17267
1245,DELTA_LINEAR,"0,10%",2026-03-31 00:00:00,100.0,3770.0,3175,0
1247,CORE_RARE,"0,02%",2026-04-08 00:00:00,0.0,1412.0,1438,1437
1248,GRADE_ALFA,"0,00%",2026-03-31 00:00:00,100.0,451.0,13069,0
1249,OESTE_IMPAR,"0,00%",2026-03-31 00:00:00,100.0,307.0,7111,0
1250,CAMINHO_INTENSO,"99,71%",2026-04-08 00:00:00,0.0,16913.0,17138,17229
1257,SEMENTE_MULTIPLO,"44,03%",2026-04-08 00:00:00,0.0,1090.0,1406,1468
1259,VERTICE_EXATO,"99,70%",2026-04-08 00:00:00,0.0,16683.0,16900,17119
1260,OESTE_DINAMICO,"0,00%",2026-04-08 00:00:00,0.0,436.0,12442,18678
1263,RAIZ_MULTIPLO,"99,71%",2026-04-08 00:00:00,0.0,16916.0,17139,17231
1264,NEBULA_ANALOGICO,"99,72%",2026-04-08 00:00:00,0.0,16586.0,16834,17049
1268,EIXO_MORTO,"99,71%",2026-04-08 00:00:00,0.0,16742.0,16971,17160
1271,OESTE_REMOTO,"99,49%",2026-03-19 00:00:00,100.0,4256.0,1593,0
1272,RAIZ_INFERIOR,"99,71%",2026-04-08 00:00:00,0.0,16747.0,16972,17157
1273,BLOCO_MULTIPLO,"0,00%",2026-04-08 00:00:00,0.0,1305.0,2098,580
1282,VERTICE_PURO,"0,03%",2026-04-08 00:00:00,0.0,85067.0,88398,89871
1290,CUME_BRILHANTE,"61,13%",2026-04-08 00:00:00,0.0,829.0,1271,1515
1294,LUZ_ALTO,"99,71%",2026-04-08 00:00:00,0.0,16812.0,17057,17183
1295,OESTE_PAR,"0,06%",2026-04-08 00:00:00,0.0,697.0,1400,1437
1298,FONTE_SECO,"99,71%",2026-04-08 00:00:00,0.0,16657.0,16900,17106
1302,VERTICE_GLOBAL,"99,70%",2026-04-08 00:00:00,0.0,16831.0,17057,17205
1303,ATLAS_IMPAR,"99,71%",2026-04-08 00:00:00,0.0,16672.0,16900,17113
1306,WAVE_ALTO,"99,71%",2026-04-08 00:00:00,0.0,16733.0,16974,17148
1307,NEBULA_UMIDO,"99,70%",2026-04-08 00:00:00,0.0,16838.0,17057,17196
1308,VERTICE_ESTAVEL,"99,70%",2026-04-08 00:00:00,0.0,16614.0,16829,17055
1309,PEDRA_SUTIL,"99,71%",2026-04-08 00:00:00,0.0,16731.0,16975,17141
1310,NIMBUS_CLASSICO,"99,71%",2026-04-08 00:00:00,0.0,16611.0,16829,17060
1311,SYSTEM_RAPIDO,"99,72%",2026-04-08 00:00:00,0.0,16584.0,16833,17041
1314,FONTE_GLOBAL,"99,70%",2026-04-08 00:00:00,0.0,16680.0,16899,17122
1315,PLANO_SUAVE,"49,40%",2026-04-08 00:00:00,0.0,18955.0,19291,18933
1318,MATRIX_RAPIDO,"99,71%",2026-04-08 00:00:00,0.0,16674.0,16901,17117
1320,DELTA_AZUL,"99,69%",2026-04-08 00:00:00,0.0,16758.0,16972,17158
1323,ROCHA_MULTIPLO,"99,71%",2026-04-08 00:00:00,0.0,16602.0,16830,17052
1324,LESTE_GAMA,"67,92%",2026-03-31 00:00:00,100.0,8979.0,8863,0
1327,TORRE_GLOBAL,"33,04%",2026-04-08 00:00:00,0.0,1698.0,2225,1180
1333,OESTE_DOURADO,"99,71%",2026-04-08 00:00:00,0.0,16611.0,16830,17057
1337,ANEL_LEVE,"0,00%",2026-04-08 00:00:00,0.0,2617.0,2584,2604
1338,RIO_NOVO,"99,63%",2026-04-08 00:00:00,0.0,6741.0,6803,6842
1348,VECTOR_AMPL0,"99,72%",2026-04-08 00:00:00,0.0,16477.0,16704,16912
1350,TRAMA_MORTO,"99,73%",2026-04-08 00:00:00,0.0,2840.0,2870,2877
1351,GELO_CURVO,"99,71%",2026-04-08 00:00:00,0.0,16505.0,16699,16916
1357,PULSO_LATERAL,"99,71%",2026-04-08 00:00:00,0.0,16498.0,16699,16919
1375,PLANO_BAIXO,"0,04%",2026-04-01 00:00:00,0.0,5224.0,9552,546
1377,PICO_RAPIDO,"3,00%",2026-03-17 00:00:00,100.0,2873.0,1498,0
1379,NORTE_FECHADO,"0,00%",2026-03-31 00:00:00,100.0,1527.0,1532,0
1380,CUME_AZUL,"0,00%",2026-03-31 00:00:00,100.0,1195.0,1235,0
1382,TOPO_DENSO,"0,02%",2026-04-08 00:00:00,0.0,10972.0,8713,11762
1388,NEBULA_EXTERNO,"0,00%",2026-04-08 00:00:00,0.0,219.0,4081,6369
1396,ZONE_MULTIPLO,"20,18%",2026-04-08 00:00:00,0.0,701.0,1152,128
1398,CORE_BETA,"0,04%",2026-03-23 00:00:00,100.0,136661.0,112292,0
1400,CORE_LOCAL,"0,00%",2026-04-08 00:00:00,0.0,1167.0,1182,1384
1409,ROCHA_SECO,"0,06%",2026-03-30 00:00:00,100.0,6907.0,6226,0
1410,PATH_ANTIGO,"0,07%",2026-04-08 00:00:00,0.0,3043.0,3568,4462
1421,SYSTEM_IMPAR,"0,01%",2026-04-08 00:00:00,0.0,1210.0,1409,1316
1424,GRID_COMPLEXO,"0,00%",2026-03-27 00:00:00,100.0,16237.0,17807,0
1429,FRAME_PASSIVO,"0,00%",2026-04-08 00:00:00,0.0,160.0,1655,2708
1434,ANEL_QUENTE,"0,00%",2026-03-30 00:00:00,100.0,2069.0,2022,0
1452,ZONE_SECO,"0,05%",2026-04-08 00:00:00,0.0,1180.0,1287,627
1454,ESTRELA_PRECISO,"0,00%",2026-04-08 00:00:00,0.0,89.0,1105,559
1457,NORTE_LEVE,"0,00%",2026-04-08 00:00:00,0.0,1045.0,1048,1065
1462,TORRE_DOURADO,"95,76%",2026-04-08 00:00:00,0.0,2736.0,2857,2842
1463,SUL_SUAVE,"0,05%",2026-04-08 00:00:00,0.0,11083.0,11668,11226
1479,OESTE_CALMO,"0,00%",2026-03-31 00:00:00,100.0,361.0,3741,0
1484,TORRE_PRATA,"0,00%",2026-04-08 00:00:00,0.0,528.0,15481,1991
1497,PULSO_NEUTRO,"78,42%",2026-03-31 00:00:00,100.0,8877.0,8747,0
1509,LESTE_EXATO,"0,85%",2026-04-08 00:00:00,0.0,1712.0,3868,8667
1521,GRADE_ALTO,"0,00%",2026-04-08 00:00:00,0.0,13665.0,26307,4961
1522,AXIS_DISCRETO,"99,71%",2026-04-08 00:00:00,0.0,17014.0,17234,17263
1524,TRILHA_GLOBAL,"1,78%",2026-04-08 00:00:00,0.0,42928.0,30529,46182
1531,ILHA_DINAMICO,"0,04%",2026-04-08 00:00:00,11.748301192774926,14890.0,12478,12375
1534,BRISA_GLOBAL,"99,45%",2026-04-08 00:00:00,0.0,7376.0,7398,7513
1535,SOMBRA_FORTE,"94,74%",2026-04-08 00:00:00,0.0,7532.0,7621,7705
1550,FIBRA_COMPLEXO,"97,11%",2026-04-08 00:00:00,0.0,8018.0,8059,8183
1554,AREIA_INTERNO,"19,33%",2026-04-01 00:00:00,0.0,78471.0,79901,3206
1558,BRISA_LATERAL,"0,34%",2026-03-31 00:00:00,100.0,3129.0,3565,0
1571,VALE_MULTIPLO,"98,00%",2026-04-08 00:00:00,0.0,2716.0,2856,2840
1581,MAR_ROBUSTO,"99,71%",2026-04-08 00:00:00,0.0,16826.0,17058,17198
1586,NEBULA_MULTIPLO,"99,70%",2026-04-08 00:00:00,0.0,16755.0,16971,17163
1587,NORTE_DOURADO,"99,71%",2026-04-08 00:00:00,0.0,16818.0,17057,17190
1588,FRAME_PRATA,"99,70%",2026-04-08 00:00:00,0.0,16680.0,16899,17120
1594,STREAM_REMOTO,"99,71%",2026-04-08 00:00:00,0.0,16661.0,16901,17103
1597,POINT_ANALOGICO,"99,71%",2026-04-08 00:00:00,0.0,16830.0,17057,17201
1598,COSMOS_INFERIOR,"88,57%",2026-04-08 00:00:00,0.0,32875.0,33136,33530
1602,WAVE_MULTIPLO,"99,70%",2026-04-08 00:00:00,0.0,16837.0,17057,17203
1603,FIELD_RARE,"99,68%",2026-04-08 00:00:00,13.12163614640766,20849.0,18420,17049
1604,VECTOR_UNICO,"15,24%",2026-03-30 00:00:00,100.0,4896.0,4445,0
1608,COSMOS_QUENTE,"12,69%",2026-04-08 00:00:00,0.0,6193.0,3869,4741
1625,ESFERA_REMOTO,"99,72%",2026-04-08 00:00:00,0.0,16471.0,16705,16907
1627,EIXO_AMPL0,"99,82%",2026-04-08 00:00:00,0.0,16008.0,16081,16336
1630,VALE_ALFA,"0,00%",2026-04-08 00:00:00,0.0,792.0,34949,31136
1631,EDGE_FORTE,"99,72%",2026-04-08 00:00:00,0.0,16482.0,16702,16914
1634,RAIZ_AGIL,"99,72%",2026-04-08 00:00:00,0.0,16490.0,16701,16914
1636,AXIS_SUTIL,"95,77%",2026-04-08 00:00:00,0.0,11979.0,13037,12858
1638,CORE_GAMA,"99,71%",2026-04-08 00:00:00,0.0,16496.0,16701,16919
1642,CHAMA_PURO,"99,82%",2026-04-08 00:00:00,0.0,16018.0,16081,16339
1643,DELTA2_DENSO,"99,70%",2026-04-08 00:00:00,0.0,16506.0,16700,16915
1663,COSMOS_INTERNO,"0,03%",2026-04-08 00:00:00,0.0,4963.0,12059,9787
1665,MAR_SUAVE,"93,30%",2026-04-08 00:00:00,0.0,1067.0,1074,1053
1679,FONTE_PASSIVO,"0,00%",2026-04-08 00:00:00,0.0,519.0,6379,5438
1688,NIMBUS_VERDE,"0,14%",2026-04-08 00:00:00,0.0,2704.0,2713,371
1690,AREIA_LINEAR,"0,04%",2026-04-08 00:00:00,0.0,18284.0,20221,370
1691,ESFERA_ANTIGO,"0,16%",2026-04-08 00:00:00,0.0,1484.0,1713,371
1708,BASE_LUNAR,"99,55%",2026-04-08 00:00:00,0.0,1189.0,1175,1177
1717,SYSTEM_CONCRETO,"0,00%",2026-04-08 00:00:00,0.0,1014.0,1235,1838
1719,FAIXA_IMPAR,"14,15%",2026-04-08 00:00:00,0.0,1127.0,1666,2004
1733,PRISMA_MULTIPLO,"41,67%",2026-03-30 00:00:00,100.0,2821.0,2432,0
1747,VALE_ALTO,"0,00%",2026-04-08 00:00:00,0.0,1043.0,1103,1031
1757,HORIZONTE_AMPL0,"0,00%",2026-04-08 00:00:00,0.0,2553.0,5429,337
1758,SEMENTE_ESTREITO,"0,00%",2026-04-08 00:00:00,0.0,1745.0,1900,1412
1763,CUME_RARE,"0,00%",2026-04-08 00:00:00,0.0,985.0,28184,34125
1770,CICLO_EXTERNO,"0,01%",2026-04-08 00:00:00,0.0,2980.0,4331,3860
1774,NIMBUS_ABERTO,"0,06%",2026-04-08 00:00:00,0.0,2947.0,3155,3053
1776,PONTE_EXTERNO,"0,03%",2026-04-08 00:00:00,0.0,190.0,1386,2009
1779,TRILHA_ALTO,"0,00%",2026-04-08 00:00:00,0.0,314.0,3017,5320
1780,CAMADA_LOCAL,"0,02%",2026-04-08 00:00:00,0.0,1761.0,1363,1808
1782,GELO_ANALOGICO,"26,75%",2026-03-30 00:00:00,100.0,3583.0,3174,0
1784,CICLO_FINO,"0,00%",2026-03-30 00:00:00,100.0,1643.0,1535,0
1789,STREAM_EXATO,"0,00%",2026-04-08 00:00:00,0.0,1111.0,3346,2371
1800,HORIZONTE_NEUTRO,"0,00%",2026-04-08 00:00:00,0.0,83624.0,102344,116642
1810,NODEX_AZUL,"0,00%",2026-04-08 00:00:00,0.0,3605.0,3047,3693
1814,SEMENTE_DIGITAL,"0,00%",2026-03-19 00:00:00,100.0,579.0,7581,0
1818,LINK_IMPAR,"0,01%",2026-04-08 00:00:00,0.0,3575.0,157497,300693
1819,OESTE_ALFA,"0,00%",2026-03-25 00:00:00,100.0,1863.0,1623,0
1823,SUL_GLOBAL,"0,04%",2026-04-08 00:00:00,64.20968178235049,7566.0,6851,51
1825,VERTICE_INTERNO,"0,00%",2026-03-24 00:00:00,100.0,1341.0,1047,0
1827,PORTAL_SECO,"0,00%",2026-04-08 00:00:00,0.0,901.0,1068,1027
1833,PLANO_ABERTO,"0,00%",2026-04-08 00:00:00,0.0,351.0,4365,7401
1836,EIXO_FRIO,"0,04%",2026-04-08 00:00:00,0.0,47786.0,48706,27234
1857,PLANO_UNICO,"0,00%",2026-04-08 00:00:00,0.0,2465.0,2565,2041
1860,DELTA_ROBUSTO,"0,06%",2026-04-08 00:00:00,0.0,1284.0,1286,2804
1863,RAIZ_FLUIDO,"0,11%",2026-04-08 00:00:00,0.0,1727.0,2220,2684
1866,LINHA_NEUTRO,"0,03%",2026-04-08 00:00:00,58.90442800913545,6556.0,5082,485
1869,ORBITA_FLUIDO,"17,68%",2026-04-08 00:00:00,0.0,3016.0,2807,3134
1873,AXIS_SERENO,"0,00%",2026-04-08 00:00:00,0.0,73.0,12658,30435
1887,TRAMA_ABSTRATO,"0,00%",2026-04-08 00:00:00,0.0,296.0,11405,11907
1891,TOPO_ESTAVEL,"0,81%",2026-04-08 00:00:00,0.0,1579.0,1844,1121
1898,PORTAL_MODERNO,"99,82%",2026-04-08 00:00:00,0.0,10980.0,12973,9662
1909,AXIS_LENTO,"0,06%",2026-04-08 00:00:00,75.90250441328425,43883.0,40029,833
1912,DELTA2_LATERAL,"0,00%",2026-04-08 00:00:00,0.0,1050.0,1108,1217
1915,CORRENTE_PRECISO,"52,23%",2026-04-08 00:00:00,3.240786198369607,9723.0,9504,9248
1921,GRADE_ANALOGICO,"0,00%",2026-04-08 00:00:00,0.0,375.0,2796,5494
1926,CAMINHO_PURO,"0,00%",2026-04-08 00:00:00,0.0,230.0,4555,2413
1928,ZONE_COMPLEXO,"0,01%",2026-03-31 00:00:00,100.0,1142.0,1028,0
1938,CORE_REMOTO,"0,00%",2026-04-08 00:00:00,0.0,322.0,8762,6836
1944,SOMBRA_FIXO,"0,00%",2026-03-09 00:00:00,100.0,4070.0,4499,0
1947,CORRENTE_ROBUSTO,"0,17%",2026-04-08 00:00:00,0.0,4087.0,4548,371
1955,ORBITA_ANTIGO,"94,39%",2026-04-08 00:00:00,0.0,8566.0,8111,8683
1960,STREAM_CURVO,"0,09%",2026-04-08 00:00:00,19.13951880284212,30741.0,30735,22874
1966,BASE_FOSCO,"2,59%",2026-04-08 00:00:00,69.84924818299505,21230.0,7052,667
1981,SINAL_DIGITAL,"0,00%",2026-04-08 00:00:00,0.0,1920.0,1928,53
1984,VERTICE_LOCAL,"97,70%",2026-04-08 00:00:00,0.0,8420.0,8331,8518
1985,CHAMA_MULTIPLO,"0,00%",2026-04-08 00:00:00,0.0,1314.0,21191,20886
1988,ZONE_LEVE,"1,33%",2026-04-08 00:00:00,0.0,2430.0,2509,5399
1992,ZONE_LINEAR,"4,71%",2026-04-08 00:00:00,0.0,1908.0,2583,759
1997,SINAL_MODERNO,"11,64%",2026-04-08 00:00:00,0.0,6657.0,4176,5917
1999,FIBRA_FINO,"0,07%",2026-03-31 00:00:00,100.0,2624.0,1680,0
2006,REDE_MODERNO,"3,04%",2026-04-08 00:00:00,0.0,2498.0,2867,3021
2007,CORRENTE_ALTO,"0,01%",2026-04-01 00:00:00,51.2973320220971,1558.0,1553,56
2035,FONTE_SUAVE,"0,07%",2026-03-30 00:00:00,100.0,23889.0,22334,0
2042,VENTO_DENSO,"2,59%",2026-04-08 00:00:00,0.0,2269.0,3518,3007
2047,SUL_ANALOGICO,"0,04%",2026-04-08 00:00:00,4.885284533575394,1790.0,1752,1628
2051,AXIS_FRIO,"0,06%",2026-03-27 00:00:00,100.0,1096.0,1054,0
2052,CAMINHO_ANTIGO,"14,95%",2026-03-30 00:00:00,100.0,1787.0,1490,0
2053,LUZ_DENSO,"0,00%",2026-03-30 00:00:00,100.0,7981.0,8201,0
